group	a1	a2	a3	a4	b1	b2	b3	b4	b5	b6	b7	b8	b9	c0	c1	c2	c3	c4	c5	c6	c7	c8	d1	d2	d3	d4	d5	d6	d7	d8	e1	e2	e3	e4	e5	e6	e7	e8	f1	f2	f3	f4	f5	f6	f7	f8	x1	x2	x3	x4	x7
bac																																										1.2	2.0								
bad															0.7	1.0	1.15	1.3					0.7	1.0	1.15	1.3																									
bag					0.7	0.85	1.0	1.3							0.7	1.0	1.15	1.3					0.7	1.0	1.15	1.3					0.7	1.0	1.15	1.3					0.7	1.0	1.15	1.3									
baj								1.3			1.8												0.7	1.0	1.15	1.3																	1.8								
bar					0.7	0.85	1.0	1.3							0.7	1.0	1.15	1.3					0.7	1.0	1.15	1.3					0.7	1.0	1.15	1.3					0.7	1.0	1.15	1.3									
bbd	0.7	0.85			0.7	0.85	1.0	1.3																		1.3			1.8						1.8																
bbj	0.7	0.85			0.7	0.85	1.0	1.3							0.7	1.0	1.15	1.3		1.3																															
bbl															0.7	1.0	1.15	1.3				1.8	0.7	1.0	1.15	1.3																									
bbp																							0.7	1.0	1.15	1.3								1.3			1.8														
bcc																																								1.3											
bcg					0.7	0.85	1.0	1.3							0.7	1.0	1.15	1.3					0.7	1.0	1.15	1.3					0.7	1.0	1.15	1.3					0.7	1.0	1.15	1.3									
bcj															0.7	1.0	1.15	1.3																																	
bcl	0.7	0.85			0.7	0.85	1.0	1.3							0.7	1.0	1.15	1.3			1.8						1.8																								
bcr					0.7	0.85	1.0	1.3							0.7	1.0	1.15	1.3					0.7	1.0	1.15	1.3					0.7	1.0	1.15	1.3					0.7	1.0	1.15	1.3									
cac																																									1.3										
cad	0.6	0.75			0.6	0.75	0.9	1.05																																											
caf	0.6	0.75	0.9		0.6	0.75	0.9	1.05							0.6	1.0	1.15	1.3	1.8								1.8							1.3			1.8														
cag					0.6	0.75	0.9	1.05							0.6	1.0	1.15	1.3					0.6	1.0	1.15	1.3					0.6	1.0	1.15	1.3					0.6	1.0	1.15	1.3									
cai					0.6	0.75	0.9	1.05							0.6	1.0	1.15	1.3					0.6	1.0	1.15	1.3					0.6	1.0	1.15	1.3					0.6	1.0	1.15	1.3									
caj																							0.6	1.0	1.15	1.3	1.8				0.6	1.0	1.15	1.3	1.8			1.8													
car					0.6	0.75	0.9	1.05							0.6	1.0	1.15	1.3					0.6	1.0	1.15	1.3					0.6	1.0	1.15	1.3					0.6	1.0	1.15	1.3									
cbc																																										1.6									
cbd															1.0	1.15	1.3	1.6			2.1														2.1			2.1													
cbg					1.0	1.15	1.3	1.6							1.0	1.15	1.3	1.6					1.0	1.3	1.45	1.6					1.0	1.3	1.45	1.6					1.0	1.3	1.45	1.6									
cbl	1.0	1.15			1.0	1.15	1.3	1.6				2.1			1.0	1.15	1.3	1.6																																	
cbr					1.0	1.15	1.3	1.6							1.0	1.15	1.3	1.6					1.0	1.3	1.45	1.6					1.0	1.3	1.45	1.6					1.0	1.3	1.45	1.6									
ccc																																										1.6									
ccd	1.0	1.15			1.0	1.15	1.3	1.6			2.1				1.0	1.15	1.3	1.6				2.1				1.6			2.1																						
ccg					1.0	1.15	1.3	1.6							1.0	1.15	1.3	1.6					1.0	1.3	1.45	1.6					1.0	1.3	1.45	1.6					1.0	1.3	1.45	1.6									
ccl	1.0	1.15			1.0	1.15	1.3	1.6																																		1.6			2.1						
ccr					1.0	1.15	1.3	1.6							1.0	1.15	1.3	1.6					1.0	1.3	1.45	1.6					1.0	1.3	1.45	1.6					1.0	1.3	1.45	1.6									
cdc																																										1.3									
cde					1.2	1.2	1.2	1.2							1.2	1.2	1.2	1.2					1.2	1.2	1.2	1.2					1.2	1.2	1.2	1.2					1.2	1.2	1.2	1.2									
cdf			0.9																				0.6	1.0	1.15	1.3					0.6	1.0	1.15	1.3	1.8		1.8	1.8					1.8						0.9		
cdg					0.6	0.75	0.9	1.05							0.6	1.0	1.15	1.3					0.6	1.0	1.15	1.3					0.6	1.0	1.15	1.3					0.6	1.0	1.15	1.3									
cdj															0.6	1.0	1.15	1.3	1.8			1.8	0.6	1.0	1.15	1.3									1.8																
cdl																															0.6	1.0	1.15	1.3	1.8		1.8	1.8	0.6	1.0	1.15	1.3	1.8								
cdr					0.6	0.75	0.9	1.05							0.6	1.0	1.15	1.3					0.6	1.0	1.15	1.3					0.6	1.0	1.15	1.3					0.6	1.0	1.15	1.3									
cec																																									1.3										
cef	0.6	0.75	0.9		0.6	0.75	0.9	1.05																																		1.3			1.8						
ceg					0.6	0.75	0.9	1.05							0.6	1.0	1.15	1.3					0.6	1.0	1.15	1.3					0.6	1.0	1.15	1.3					0.6	1.0	1.15	1.3									
cej	0.6	0.75			0.6	0.75	0.9	1.05			1.8				0.6	1.0	1.15	1.3				1.8																													
cel															0.6	1.0	1.15	1.3		1.8	1.8		0.6	1.0	1.15	1.3				1.8					1.8																
cep																																										1.3			1.8						
cer					0.6	0.75	0.9	1.05							0.6	1.0	1.15	1.3					0.6	1.0	1.15	1.3					0.6	1.0	1.15	1.3					0.6	1.0	1.15	1.3									
cfc																																										1.6									
cfg					0.8	0.95	1.1	1.25							0.8	1.15	1.3	1.6					0.8	1.3	1.45	1.6					0.8	1.3	1.45	1.6					0.8	1.3	1.45	1.6									
cfj																										1.6			2.1		0.8	1.3	1.45	1.6					0.8	1.3	1.45	1.6	2.1								
cfl																											2.1											2.1	0.8	1.3	1.45	1.6	2.1			2.1					
cfp																																		1.6			2.1														
cfr					0.8	0.95	1.1	1.25							0.8	1.15	1.3	1.6					0.8	1.3	1.45	1.6					0.8	1.3	1.45	1.6					0.8	1.3	1.45	1.6									
cgc																																										1.7	2.3								
cgg																																							1.0	1.4	1.55	1.7									
cgp																																							1.0	1.4	1.55	1.7	2.2		2.2	2.2					
cgr																																							1.0	1.4	1.55	1.7									
chc																																										1.6									
chd																							0.6	1.3	1.45	1.6	2.1	1.6		2.1	0.6	1.3	1.45	1.6	2.1		2.1														
che					1.2	1.2	1.2	1.2							1.2	1.2	1.2	1.2					1.2	1.2	1.2	1.2					1.2	1.2	1.2	1.2					1.2	1.2	1.2	1.2									
chg					0.6	0.75	0.9	1.05							0.6	1.15	1.3	1.6					0.6	1.3	1.45	1.6					0.6	1.3	1.45	1.6					0.6	1.3	1.45	1.6									
chp																															0.6	1.3	1.45	1.6	2.1		2.1	2.1													
chr					0.6	0.75	0.9	1.05							0.6	1.15	1.3	1.6					0.6	1.3	1.45	1.6					0.6	1.3	1.45	1.6					0.6	1.3	1.45	1.6									
cid																							0.8	1.0	1.15	1.3	1.8		1.8										0.8	1.0	1.15	1.3	1.8								
cij																											1.8												0.8	1.0	1.15	1.3			1.8						
cil																							0.8	1.0	1.15	1.3					0.8	1.0	1.15	1.3				1.8													
cip																							0.8	1.0	1.15	1.3	1.8		1.8	1.8																					
cjf															0.8	1.0	1.15	1.3					0.8	1.0	1.15	1.3	1.8		1.8																		0.8	0.8			
cjj	0.8	0.95	1.1		0.8	0.95	1.1	1.3																																											
ckd																														1.8									0.6	1.0	1.15	1.3			1.8	1.8					
ckf																															0.6	1.0	1.15	1.3	1.8		1.8	1.8	0.6	1.0	1.15	1.3	1.8			1.8					
cld																															0.8	1.0	1.15	1.3	1.8		1.8	1.8													
clf																																						1.8	0.8	1.0	1.15	1.3						0.95	0.95		1.8
clg			1.0																																																
cmc																																							1.6												
cmf																																							0.6	1.3	1.45	1.6			2.1	2.1					
cmg					0.6	0.75	0.9	1.05							0.6	1.15	1.3	1.6					0.6	1.3	1.45	1.6					0.6	1.3	1.45	1.6					0.6	1.3	1.45	1.6									
cmp																																							0.6	1.3	1.45	1.6	2.1		2.1	2.1					
cmr					0.6	0.75	0.9	1.05							0.6	1.15	1.3	1.6					0.6	1.3	1.45	1.6					0.6	1.3	1.45	1.6					0.6	1.3	1.45	1.6									
cnf																																						2.1													
cni					1.0	1.15	1.3	1.6							1.0	1.15	1.3	1.6					1.0	1.3	1.45	1.6					1.0	1.3	1.45	1.6					1.0	1.3	1.45	1.6									
cnl																																						2.1	1.0	1.3	1.45	1.6			2.1	2.1					
cnp																							1.0	1.3	1.45	1.6			2.1	2.1																					
cod																																						2.1	0.6	1.3	1.45	1.6									
cop																															0.6	1.3	1.45	1.6	2.1		2.1	2.1	0.6	1.3	1.45	1.6	2.1		2.1	2.1					
cpf																																						1.8								1.8					
cpj																																							0.6	1.0	1.15	1.3			1.8						
dac																																									1.7	1.7									
dae					2.0	2.0	2.0	2.0							2.0	2.0	2.0	2.0					2.0	2.0	2.0	2.0					2.0	2.0	2.0	2.0					2.0	2.0	2.0	2.0									
dag					1.0	1.15	1.3	1.45							1.0	1.15	1.3	1.45					1.0	1.45	1.55	1.7					1.0	1.4	1.55	1.7					1.0	1.4	1.55	1.7									
dal																			2.2				1.0	1.45	1.55	1.7				2.2	1.0	1.4	1.55	1.7			2.2	2.2								2.2					
dan					1.2	1.2	1.2	1.2							1.2	1.2	1.2	1.2					1.2	1.2	1.2	1.2					1.2	1.2	1.2	1.2					1.2	1.2	1.2	1.2									
dap																							1.0	1.45	1.55	1.7	2.2		2.2	2.2	1.0	1.4	1.55	1.7				2.2								2.2					
dar					1.0	1.15	1.3	1.45							1.0	1.15	1.3	1.45					1.0	1.45	1.55	1.7					1.0	1.4	1.55	1.7					1.0	1.4	1.55	1.7									
das					1.5	1.5	1.5	1.5							1.5	1.5	1.5	1.5					1.5	1.5	1.5	1.5					1.5	1.5	1.5	1.5					1.5	1.5	1.5	1.5									
dat					1.2	1.2	1.2	1.2							1.2	1.2	1.2	1.2					1.2	1.2	1.2	1.2					1.2	1.2	1.2	1.2					1.2	1.2	1.2	1.2									
dau					1.2	1.2	1.2	1.2							1.2	1.2	1.2	1.2					1.2	1.2	1.2	1.2					1.2	1.2	1.2	1.2					1.2	1.2	1.2	1.2									
dav					1.2	1.2	1.2	1.2							1.2	1.2	1.2	1.2					1.2	1.2	1.2	1.2					1.2	1.2	1.2	1.2					1.2	1.2	1.2	1.2									
daw					1.2	1.2	1.2	1.2							1.2	1.2	1.2	1.2					1.2	1.2	1.2	1.2					1.2	1.2	1.2	1.2					1.2	1.2	1.2	1.2									
dax					1.2	1.2	1.2	1.2							1.2	1.2	1.2	1.2					1.2	1.2	1.2	1.2					1.2	1.2	1.2	1.2					1.2	1.2	1.2	1.2									
day					1.2	1.2	1.2	1.2							1.2	1.2	1.2	1.2					1.2	1.2	1.2	1.2					1.2	1.2	1.2	1.2					1.2	1.2	1.2	1.2									
dbc																																									1.7	1.7			2.2						
dbe					2.0	2.0	2.0	2.0							2.0	2.0	2.0	2.0					2.0	2.0	2.0	2.0					2.0	2.0	2.0	2.0					2.0	2.0	2.0	2.0									
dbf																							1.0	1.45	1.55	1.7					1.0	1.4	1.55	1.7	2.2		2.2	2.2								2.2					
dbg					1.0	1.15	1.3	1.45							1.0	1.15	1.3	1.45					1.0	1.45	1.55	1.7					1.0	1.4	1.55	1.7					1.0	1.4	1.55	1.7									
dbj																							1.0	1.45	1.55	1.7					1.0	1.4	1.55	1.7	2.2		2.2	2.2													
dbn					1.2	1.2	1.2	1.2							1.2	1.2	1.2	1.2					1.2	1.2	1.2	1.2					1.2	1.2	1.2	1.2					1.2	1.2	1.2	1.2									
dbr					1.0	1.15	1.3	1.45							1.0	1.15	1.3	1.45					1.0	1.45	1.55	1.7					1.0	1.4	1.55	1.7					1.0	1.4	1.55	1.7									
dbs					1.5	1.5	1.5	1.5							1.5	1.5	1.5	1.5					1.5	1.5	1.5	1.5					1.5	1.5	1.5	1.5					1.5	1.5	1.5	1.5									
dbt					1.2	1.2	1.2	1.2							1.2	1.2	1.2	1.2					1.2	1.2	1.2	1.2					1.2	1.2	1.2	1.2					1.2	1.2	1.2	1.2									
dbu					1.2	1.2	1.2	1.2							1.2	1.2	1.2	1.2					1.2	1.2	1.2	1.2					1.2	1.2	1.2	1.2					1.2	1.2	1.2	1.2									
dbv					1.2	1.2	1.2	1.2							1.2	1.2	1.2	1.2					1.2	1.2	1.2	1.2					1.2	1.2	1.2	1.2					1.2	1.2	1.2	1.2									
dbw					1.2	1.2	1.2	1.2							1.2	1.2	1.2	1.2					1.2	1.2	1.2	1.2					1.2	1.2	1.2	1.2					1.2	1.2	1.2	1.2									
dbx					1.2	1.2	1.2	1.2							1.2	1.2	1.2	1.2					1.2	1.2	1.2	1.2					1.2	1.2	1.2	1.2					1.2	1.2	1.2	1.2									
dby					1.2	1.2	1.2	1.2							1.2	1.2	1.2	1.2					1.2	1.2	1.2	1.2					1.2	1.2	1.2	1.2					1.2	1.2	1.2	1.2									
dcc																																									1.3	1.3	1.8								
dcd																							1.0	1.0	1.15	1.3	1.8		1.8		1.0	1.0	1.15	1.3	1.8			1.8								1.8					
dce					2.0	2.0	2.0	2.0							2.0	2.0	2.0	2.0					2.0	2.0	2.0	2.0					2.0	2.0	2.0	2.0					2.0	2.0	2.0	2.0									
dcg					1.0	1.0	1.15	1.3							1.0	1.0	1.15	1.3					1.0	1.0	1.15	1.3					1.0	1.0	1.15	1.3					1.0	1.0	1.15	1.3									
dcn					1.2	1.2	1.2	1.2							1.2	1.2	1.2	1.2					1.2	1.2	1.2	1.2					1.2	1.2	1.2	1.2					1.2	1.2	1.2	1.2									
dcr					1.0	1.0	1.15	1.3							1.0	1.0	1.15	1.3					1.0	1.0	1.15	1.3					1.0	1.0	1.15	1.3					1.0	1.0	1.15	1.3									
dcs					1.5	1.5	1.5	1.5							1.5	1.5	1.5	1.5					1.5	1.5	1.5	1.5					1.5	1.5	1.5	1.5					1.5	1.5	1.5	1.5									
dct					1.2	1.2	1.2	1.2							1.2	1.2	1.2	1.2					1.2	1.2	1.2	1.2					1.2	1.2	1.2	1.2					1.2	1.2	1.2	1.2									
dcu					1.2	1.2	1.2	1.2							1.2	1.2	1.2	1.2					1.2	1.2	1.2	1.2					1.2	1.2	1.2	1.2					1.2	1.2	1.2	1.2									
dcv					1.2	1.2	1.2	1.2							1.2	1.2	1.2	1.2					1.2	1.2	1.2	1.2					1.2	1.2	1.2	1.2					1.2	1.2	1.2	1.2									
dcw					1.2	1.2	1.2	1.2							1.2	1.2	1.2	1.2					1.2	1.2	1.2	1.2					1.2	1.2	1.2	1.2					1.2	1.2	1.2	1.2									
dcx					1.2	1.2	1.2	1.2							1.2	1.2	1.2	1.2					1.2	1.2	1.2	1.2					1.2	1.2	1.2	1.2					1.2	1.2	1.2	1.2									
dcy					1.2	1.2	1.2	1.2							1.2	1.2	1.2	1.2					1.2	1.2	1.2	1.2					1.2	1.2	1.2	1.2					1.2	1.2	1.2	1.2									
had															0.8	1.15	1.3	1.45																																	
haf																			2.3				0.8	1.45	1.6	1.8					0.8	1.5	1.65	1.8	2.3																
haj																																						2.3	0.8	1.5	1.65	1.8	2.3			2.3					
hal																															0.8	1.5	1.65	1.8	2.3		2.3		0.8	1.5	1.65	1.8									
hap																							0.8	1.45	1.6	1.8					0.8	1.5	1.65	1.8	2.3		2.3	2.3													
hbd															0.8	1.15	1.3	1.45																																	
hbf	0.8	0.95	1.1		0.8	0.95	1.1	1.25		2.3	2.3	2.3			0.8	1.15	1.3	1.45																														1.1	1.1		
hbj																															0.8	1.5	1.65	1.8																	
hbl																			2.3				0.8	1.45	1.6	1.8																									
hbp																							0.8	1.45	1.6	1.8	2.3				0.8	1.5	1.65	1.8	2.3																
hcd	0.8	0.95			0.8	0.95	1.1	1.3			1.8																																								
hcf	0.8	0.95			0.8	0.95	1.1	1.3																																								0.95			
hcj																							0.8	1.0	1.15	1.3	1.8																								
hcl															0.8	1.0	1.15	1.3	1.8							1.3			1.8																						
hdd	1.3	1.45			1.3	1.45	1.6	1.8																																											
hdf	1.3	1.45	1.0		1.3	1.45	1.6	1.8	2.3																																						1.3				
hdi					1.3	2.0	3.0	5.0			10.0																																								
hdj	1.3	1.45			1.3	1.45	1.6	1.8																																											
hdl	1.3	1.45			1.3	1.45	1.6	1.8				2.3																																							
hec																																										1.6									
hef																																																	1.15		2.1
heg					1.0	1.15	1.3	1.6							1.0	1.15	1.3	1.6		2.1			1.0	1.3	1.45	1.6					1.0	1.3	1.45	1.6					1.0	1.3	1.45	1.6									
hej			1.3																																2.1																
hel			1.3																			2.1	1.0	1.3	1.45	1.6	2.1							1.6			2.1														
her					1.0	1.15	1.3	1.6							1.0	1.15	1.3	1.6		1.6			1.0	1.3	1.45	1.6					1.0	1.3	1.45	1.6					1.0	1.3	1.45	1.6									
hfg					0.8	0.95	1.1	1.3							0.8	1.0	1.15	1.3					0.8	1.0	1.15	1.3					0.8	1.0	1.15	1.3					0.8	1.0	1.15	1.3									
hfj									1.8						0.8	1.0	1.15	1.3					0.8	1.0	1.15	1.3				1.8																					
hfl	0.8	0.95			0.8	0.95	1.1	1.3			1.8																																								
hfr					0.8	0.95	1.1	1.3							0.8	1.0	1.15	1.3					0.8	1.0	1.15	1.3					0.8	1.0	1.15	1.3					0.8	1.0	1.15	1.3									
hgd									2.1														0.6	1.3	1.45	1.6					0.6	1.3	1.45	1.6	2.1																
hgg					0.6	0.75	0.9	1.05							0.6	1.15	1.3	1.6					0.6	1.3	1.45	1.6					0.6	1.3	1.45	1.6					0.6	1.3	1.45	1.6									
hgp																							0.6	1.3	1.45	1.6	2.1		2.1										0.6	1.3	1.45	1.6	2.1		2.1	2.1					
hgr					0.6	0.75	0.9	1.05							0.6	1.15	1.3	1.6					0.6	1.3	1.45	1.6					0.6	1.3	1.45	1.6					0.6	1.3	1.45	1.6									
hhd																			1.8				0.8	1.0	1.15	1.3	1.8																								
hhf			1.0												0.8	1.0	1.15	1.3				1.8	0.8	1.0	1.15	1.3																						1.1	1.1		
hhj	0.8	0.95			0.8	0.95	1.1	1.3																																											
hhl																															0.8	1.0	1.15	1.3	1.8																
hhp																																							0.8	1.0	1.15	1.3	1.8		1.8	1.8					
hid						0.95										1.0								1.0								1.0								1.0											
hif						0.95										1.0								1.0								1.0								1.0											
hij						0.95										1.0								1.0								1.0								1.0											
hil						0.95										1.0								1.0								1.0								1.0											
hip																								1.0								1.0								1.0											
hjd						0.95	0.95									1.0	1.0							1.0	1.0							1.0	1.0							1.0	1.0										
hjf						0.95	0.95									1.0	1.0							1.0	1.0							1.0	1.0							1.0	1.0										
hjj						0.95	0.95									1.0	1.0							1.0	1.0							1.0	1.0							1.0	1.0										
hjl						0.95	0.95						0.95			1.0	1.0							1.0	1.0							1.0	1.0							1.0	1.0										
hjp																								1.0								1.0								1.0											
hkc																																										1.6									
hkd																															0.8	1.3	1.45	1.6	2.1				0.8	1.3	1.45	1.6									
hkg					0.8	0.95	1.1	1.25							0.8	1.15	1.3	1.6					0.8	1.3	1.45	1.6					0.8	1.3	1.45	1.6					0.8	1.3	1.45	1.6									
hkj																							0.8	1.3	1.45	1.6			2.1		0.8	1.3	1.45	1.6																	
hkr					0.8	0.95	1.1	1.25							0.8	1.15	1.3	1.6					0.8	1.3	1.45	1.6					0.8	1.3	1.45	1.6					0.8	1.3	1.45	1.6									
hlc																																										1.8									
hld												2.3																											0.8	1.5	1.65	1.8	2.3		2.3						
hle					1.2	1.2	1.2	1.2							1.2	1.2	1.2	1.2					1.2	1.2	1.2	1.2					1.2	1.2	1.2	1.2					1.2	1.2	1.2	1.2									
hlf			1.1																												0.8	1.5	1.65	1.8	2.3		2.3	2.3	0.8	1.5	1.65	1.8	2.3					0.95			
hlg					0.8	0.95	1.1	1.25							0.8	1.15	1.3	1.45					0.8	1.45	1.6	1.8					0.8	1.5	1.65	1.8					0.8	1.5	1.65	1.8									
hll																							0.8	1.45	1.6	1.8					0.8	1.5	1.65	1.8																	
hlp																															0.8	1.5	1.65	1.8	2.3		2.3		0.8	1.5	1.65	1.8	2.3		2.3						
hlr					0.8	0.95	1.1	1.25							0.8	1.15	1.3	1.45					0.8	1.45	1.6	1.8					0.8	1.5	1.65	1.8					0.8	1.5	1.65	1.8									
hmd																							0.8	1.0	1.15	1.3	1.8		1.8																						
hmf															0.8	1.0	1.15	1.3																																	
hnf																							0.6	1.3	1.45	1.6	2.1			2.1																					
hnj															0.6	1.15	1.3	1.6			2.1																														
hof															1.5	1.15	1.3	1.45																																	
hog			1.0		1.5	1.65	1.8	1.95							1.5	1.15	1.3	1.45					1.5	1.45	1.6	1.75					1.5	1.75	1.9	2.2		2.7			1.5	1.9	2.05	2.2						1.65	1.65		
hor					1.5	1.65	1.8	1.95							1.5	1.15	1.3	1.45					1.5	1.45	1.6	1.75					1.5	1.75	1.9	2.2					1.5	1.9	2.05	2.2									
hpd															0.8	1.0	1.15	1.3	1.8			1.8												1.3			1.8														
hpf			1.0																				0.8	1.0	1.15	1.3			1.8	1.8																	0.8	0.95	1.1		
hpg			1.0																																																
hqf																															0.8	1.0	1.15	1.3	1.8		1.8	1.8													
hql															0.8	1.0	1.15	1.3		1.3																															
hrf																															0.6	1.1	1.25	1.4	1.9		1.9														
hrl																																							0.6	1.1	1.25	1.4	1.9								
hsd																																							0.6	1.3	1.45	1.6	2.1		2.1						
hsl																															0.6	1.3	1.45	1.6	2.1		2.1														
htd																															0.8	1.5	1.65	1.8			2.3														
htf																																						2.3													
htj																																							0.8	1.5	1.65	1.8	2.3		2.3	2.3					
huj																															0.6	1.1	1.25	1.4	1.9		1.9														
hul																																							0.6	1.1	1.25	1.4			1.9	1.9					
hvf																																		1.8			2.3		0.8	1.5	1.65	1.8	2.3								
hvj																															0.8	1.5	1.65	1.8			2.3	2.3													
hvp																																										1.8			2.3						
hwd																															0.6	1.3	1.45	1.6	2.1		2.1														
hwf																																							0.6	1.3	1.45	1.6			2.1						
hxj																																							0.8	1.0	1.15	1.3			1.8	1.8					
hxp																															0.8	1.0	1.15	1.3	1.8		1.8	1.8								1.8					
kac																																										1.5									
kad																															0.5	1.2	1.35	1.5					0.5	1.2	1.35	1.5									
kae					2.0	2.0	2.0	2.0							2.0	2.0	2.0	2.0					2.0	2.0	2.0	2.0					2.0	2.0	2.0	2.0					2.0	2.0	2.0	2.0									
kaf																															0.5	1.2	1.35	1.5					0.5	1.2	1.35	1.5									
kag					0.5	0.65	0.8	0.95							0.5	1.15	1.3	1.5					0.5	1.2	1.35	1.5					0.5	1.2	1.35	1.5					0.5	1.2	1.35	1.5									
kai					0.5	0.65	0.8	0.95							0.5	1.15	1.3	1.5					0.5	1.2	1.35	1.5					0.5	1.2	1.35	1.5					0.5	1.2	1.35	1.5									
kaj																															0.5	1.2	1.35	1.5					0.5	1.2	1.35	1.5									
kal																															0.5	1.2	1.35	1.5					0.5	1.2	1.35	1.5									
kap																															0.5	1.2	1.35	1.5			2.0		0.5	1.2	1.35	1.5									
kar					0.5	0.65	0.8	0.95							0.5	1.15	1.3	1.5					0.5	1.2	1.35	1.5					0.5	1.2	1.35	1.5					0.5	1.2	1.35	1.5									
kbc																																										1.5									
kbd																															0.5	1.2	1.35	1.5				2.0	0.5	1.2	1.35	1.5									
kbe					2.0	2.0	2.0	2.0							2.0	2.0	2.0	2.0					2.0	2.0	2.0	2.0					2.0	2.0	2.0	2.0					2.0	2.0	2.0	2.0									
kbf																															0.5	1.2	1.35	1.5					0.5	1.2	1.35	1.5									
kbg					0.5	0.65	0.8	0.95							0.5	1.15	1.3	1.5					0.5	1.2	1.35	1.5					0.5	1.2	1.35	1.5					0.5	1.2	1.35	1.5									
kbi					0.5	0.65	0.8	0.95	2.0						0.5	1.15	1.3	1.5	2.0				0.5	1.2	1.35	1.5	2.0				0.5	1.2	1.35	1.5	2.0				0.5	1.2	1.35	1.5	2.0								
kbj																															0.5	1.2	1.35	1.5					0.5	1.2	1.35	1.5									
kbl																															0.5	1.2	1.35	1.5					0.5	1.2	1.35	1.5									
kbp																															0.5	1.2	1.35	1.5					0.5	1.2	1.35	1.5			2.0						
kbr					0.5	0.65	0.8	0.95							0.5	1.15	1.3	1.5					0.5	1.2	1.35	1.5					0.5	1.2	1.35	1.5					0.5	1.2	1.35	1.5									
kbs					1.2	1.2	1.2	1.2							1.2	1.2	1.2	1.2					1.2	1.2	1.2	1.2					1.2	1.2	1.2	1.2					1.2	1.2	1.2	1.2									
kbt					1.2	1.2	1.2	1.2							1.2	1.2	1.2	1.2					1.2	1.2	1.2	1.2					1.2	1.2	1.2	1.2					1.2	1.2	1.2	1.2									
kcd																															0.5	1.2	1.35	1.5					0.5	1.2	1.35	1.5									
kce					2.0	2.0	2.0	2.0							2.0	2.0	2.0	2.0					2.0	2.0	2.0	2.0					2.0	2.0	2.0	2.0					2.0	2.0	2.0	2.0									
kcf																															0.5	1.2	1.35	1.5					0.5	1.2	1.35	1.5									
kcg					0.5	0.65	0.8	0.95							0.5	1.15	1.3	1.5					0.5	1.2	1.35	1.5					0.5	1.2	1.35	1.5					0.5	1.2	1.35	1.5									
kci					0.5	0.65	0.8	1.25							0.5	1.15	1.3	1.8					0.5	1.2	1.35	1.85					0.5	1.2	1.35	1.85					0.5	1.2	1.35	1.85									
kcj																															0.5	1.2	1.35	1.5					0.5	1.2	1.35	1.5									
kcl																															0.5	1.2	1.35	1.5					0.5	1.2	1.35	1.5									
kcp																															0.5	1.2	1.35	1.5					0.5	1.2	1.35	1.5			2.0						
kcr					0.5	0.65	0.8	0.95							0.5	1.15	1.3	1.5					0.5	1.2	1.35	1.5					0.5	1.2	1.35	1.5					0.5	1.2	1.35	1.5									
kda																							0.5	1.2		1.5														1.2											
kdb																									1.35	1.5															1.35	1.5									
kdc																																										1.5									
kdd																							0.5	1.2	1.35	1.5				2.0	0.5	1.2	1.35	1.5	2.0			2.0	0.5	1.2	1.35	1.5			2.0						
kde					2.0	2.0	2.0	2.0							2.0	2.0	2.0	2.0					2.0	2.0	2.0	2.0					2.0	2.0	2.0	2.0					2.0	2.0	2.0	2.0									
kdf			0.7																				0.5	1.2	1.35	1.5				2.0	0.5	1.2	1.35	1.5	2.0		2.0	2.0	0.5	1.2	1.35	1.5									
kdg					0.5	0.65	0.8	0.95							0.5	1.15	1.3	1.5					0.5	1.2	1.35	1.5					0.5	1.2	1.35	1.5					0.5	1.2	1.35	1.5									
kdi					0.5	0.65	0.8	0.95							0.5	1.15	1.3	1.5					0.5	1.2	1.35	1.5					0.5	1.2	1.35	1.5					0.5	1.2	1.35	1.5									
kdj			0.8	0.95																			0.5	1.2	1.35	1.5			2.0	2.0	0.5	1.2	1.35	1.5	2.0		2.0		0.5	1.2	1.35	1.5	2.0								
kdl																							0.5	1.2	1.35	1.5			2.0	2.0	0.5	1.2	1.35	1.5	2.0				0.5	1.2	1.35	1.5	2.0								
kdp																							0.5	1.2	1.35	1.5			2.0	2.0	0.5	1.2	1.35	1.5	2.0			2.0	0.5	1.2	1.35	1.5	2.0		2.0	2.0					
kdr					0.5	0.65	0.8	0.95							0.5	1.15	1.3	1.5					0.5	1.2	1.35	1.5					0.5	1.2	1.35	1.5					0.5	1.2	1.35	1.5									
kds					1.2	1.2	1.2	1.2							1.2	1.2	1.2	1.2					1.2	1.2	1.2	1.2					1.2	1.2	1.2	1.2					1.2	1.2	1.2	1.2									
kec																																										1.5									
ked																															0.5	1.2	1.35	1.5	2.0		2.0		0.5	1.2	1.35	1.5	2.0			2.0					
kee					2.0	2.0	2.0	2.0							2.0	2.0	2.0	2.0					2.0	2.0	2.0	2.0					2.0	2.0	2.0	2.0					2.0	2.0	2.0	2.0									
kef																															0.5	1.2	1.35	1.5	2.0			2.0	0.5	1.2	1.35	1.5									
keg					0.5	0.65	0.8	0.95							0.5	1.15	1.3	1.5					0.5	1.2	1.35	1.5					0.5	1.2	1.35	1.5					0.5	1.2	1.35	1.5									
kei					0.5	0.65	0.8	0.95			2.0				0.5	1.15	1.3	1.5			2.0		0.5	1.2	1.35	1.5			2.0		0.5	1.2	1.35	1.5			2.0		0.5	1.2	1.35	1.5			2.0						
kej																															0.5	1.2	1.35	1.5	2.0		2.0	2.0	0.5	1.2	1.35	1.5									
kel																															0.5	1.2	1.35	1.5			2.0	2.0	0.5	1.2	1.35	1.5									
kep																															0.5	1.2	1.35	1.5	2.0			2.0	0.5	1.2	1.35	1.5	2.0		2.0	2.0					
ker					0.5	0.65	0.8	0.95							0.5	1.15	1.3	1.5					0.5	1.2	1.35	1.5					0.5	1.2	1.35	1.5					0.5	1.2	1.35	1.5									
kes					1.2	1.2	1.2	1.2							1.2	1.2	1.2	1.2					1.2	1.2	1.2	1.2					1.2	1.2	1.2	1.2					1.2	1.2	1.2	1.2									
kfb																									1.35	1.5															1.35	1.5									
kfc																																													2.5						
kfd																															0.5	1.2	1.35	1.5					0.5	1.2	1.35	1.5	2.0								
kfe					2.0	2.0	2.0	2.0							2.0	2.0	2.0	2.0					2.0	2.0	2.0	2.0					2.0	2.0	2.0	2.0					2.0	2.0	2.0	2.0									
kff			1.3	1.3																											0.5	1.2	1.35	1.5	2.0				0.5	1.2	1.35	1.5									2.0
kfi					0.5	0.65	0.8	0.95							0.5	1.15	1.3	1.5					0.5	1.2	1.35	1.5					0.5	1.2	1.35	1.5					0.5	1.2	1.35	1.5									
kfj																															0.5	1.2	1.35	1.5	2.0		2.0		0.5	1.2	1.35	1.5			2.0						
kfl																															0.5	1.2	1.35	1.5				2.0	0.5	1.2	1.35	1.5				2.0					
kfp														0.2																	0.5	1.2	1.35	1.5	2.0		2.0	2.0	0.5	1.2	1.35	1.5	2.0	2.0	2.0	2.0					
kfr					0.5	0.65	0.8	0.95							0.5	1.15	1.3	1.5					0.5	1.2	1.35	1.5					0.5	1.2	1.35	1.5					0.5	1.2	1.35	1.5									
kfs					1.2	1.2	1.2	1.2							1.2	1.2	1.2	1.2					1.2	1.2	1.2	1.2					1.2	1.2	1.2	1.2					1.2	1.2	1.2	1.2									
kgd																														2.0	0.5	1.2	1.35	1.5					0.5	1.2	1.35	1.5				2.0					
kge					2.0	2.0	2.0	2.0							2.0	2.0	2.0	2.0					2.0	2.0	2.0	2.0					2.0	2.0	2.0	2.0					2.0	2.0	2.0	2.0									
kgf																															0.5	1.2	1.35	1.5	2.0				0.5	1.2	1.35	1.5	2.0								
kgg					0.5	0.65	0.8	0.95							0.5	1.15	1.3	1.5					0.5	1.2	1.35	1.5					0.5	1.2	1.35	1.5					0.5	1.2	1.35	1.5									
kgi					0.5	0.65	0.8	0.95							0.5	1.15	1.3	1.5					0.5	1.2	1.35	1.5					0.5	1.2	1.35	1.5					0.5	1.2	1.35	1.5									
kgj																															0.5	1.2	1.35	1.5				2.0	0.5	1.2	1.35	1.5									
kgl																															0.5	1.2	1.35	1.5	2.0				0.5	1.2	1.35	1.5	2.0		2.0						
kgp																															0.5	1.2	1.35	1.5	2.0			2.0	0.5	1.2	1.35	1.5	2.0		2.0	2.0					
kgr					0.5	0.65	0.8	0.95							0.5	1.15	1.3	1.5					0.5	1.2	1.35	1.5					0.5	1.2	1.35	1.5					0.5	1.2	1.35	1.5									
kgs					1.2	1.2	1.2	1.2							1.2	1.2	1.2	1.2					1.2	1.2	1.2	1.2					1.2	1.2	1.2	1.2					1.2	1.2	1.2	1.2									
khd	0.5				0.5	0.65	0.8	0.95							0.5	1.15	1.3	1.5					0.5	1.2	1.35	1.5	2.0		2.0	2.0	0.5	1.2	1.35	1.5	2.0				0.5	1.2	1.35	1.5			2.0	2.0					
khe					2.0	2.0	2.0	2.0							2.0	2.0	2.0	2.0					2.0	2.0	2.0	2.0					2.0	2.0	2.0	2.0					2.0	2.0	2.0	2.0									
khf	0.5				0.5	0.65	0.8	0.95							0.5	1.15	1.3	1.5					0.5	1.2	1.35	1.5			2.0		0.5	1.2	1.35	1.5	2.0			2.0	0.5	1.2	1.35	1.5		2.0					0.8	0.8	
khi					0.5	0.65	0.8	0.95							0.5	1.15	1.3	1.5					0.5	1.2	1.35	1.5					0.5	1.2	1.35	1.5					0.5	1.2	1.35	1.5									
khj	0.5		0.8		0.5	0.65	0.8	0.95				2.0			0.5	1.15	1.3	1.5					0.5	1.2	1.35	1.5					0.5	1.2	1.35	1.5				2.0	0.5	1.2	1.35	1.5									
khl	0.5				0.5	0.65	0.8	0.95							0.5	1.15	1.3	1.5					0.5	1.2	1.35	1.5					0.5	1.2	1.35	1.5	2.0				0.5	1.2	1.35	1.5									
khp																							0.5	1.2	1.35	1.5	2.0				0.5	1.2	1.35	1.5			2.0		0.5	1.2	1.35	1.5	2.0			2.0					
khs					1.2	1.2	1.2	1.2							1.2	1.2	1.2	1.2					1.2	1.2	1.2	1.2					1.2	1.2	1.2	1.2					1.2	1.2	1.2	1.2									
kic																																										1.3									
kid															0.7	1.0	1.15	1.3					0.7	1.0	1.15	1.3					0.7	1.0	1.15	1.3	1.8				0.7	1.0	1.15	1.3									
kie					2.0	2.0	2.0	2.0							2.0	2.0	2.0	2.0					2.0	2.0	2.0	2.0					2.0	2.0	2.0	2.0					2.0	2.0	2.0	2.0									
kif															0.7	1.0	1.15	1.3				1.8	0.7	1.0	1.15	1.3					0.7	1.0	1.15	1.3	1.8				0.7	1.0	1.15	1.3			1.8	1.8			1.0	1.0	
kig					0.7	0.85	1.0	1.3							0.7	1.0	1.15	1.3					0.7	1.0	1.15	1.3					0.7	1.0	1.15	1.3					0.7	1.0	1.15	1.3									
kii					0.7	0.85	1.0	1.3							0.7	1.0	1.15	1.3					0.7	1.0	1.15	1.3					0.7	1.0	1.15	1.3					0.7	1.0	1.15	1.3									
kij															0.7	1.0	1.15	1.3	1.8				0.7	1.0	1.15	1.3					0.7	1.0	1.15	1.3	1.8				0.7	1.0	1.15	1.3									
kil															0.7	1.0	1.15	1.3					0.7	1.0	1.15	1.3					0.7	1.0	1.15	1.3					0.7	1.0	1.15	1.3									
kip																							0.7	1.0	1.15	1.3				1.8	0.7	1.0	1.15	1.3	1.8			1.8	0.7	1.0	1.15	1.3	1.8		1.8	1.8					
kir					0.7	0.85	1.0	1.3							0.7	1.0	1.15	1.3					0.7	1.0	1.15	1.3					0.7	1.0	1.15	1.3					0.7	1.0	1.15	1.3									
kja																							0.7	1.0		1.3														1.0											
kjb																							0.7	1.0		1.3														1.0											
kjc																																										1.3									
kjd																							0.7	1.0	1.15	1.3				1.8	0.7	1.0	1.15	1.3			1.8	1.8	0.7	1.0	1.15	1.3									
kje					2.0	2.0	2.0	2.0							2.0	2.0	2.0	2.0					2.0	2.0	2.0	2.0					2.0	2.0	2.0	2.0					2.0	2.0	2.0	2.0									
kjf			1.0																				0.7	1.0	1.15	1.3					0.7	1.0	1.15	1.3	1.8				0.7	1.0	1.15	1.3								1.3	
kjg					0.7	0.85	1.0	1.3							0.7	1.0	1.15	1.3					0.7	1.0	1.15	1.3					0.7	1.0	1.15	1.3					0.7	1.0	1.15	1.3									
kji					0.7	0.85	1.0	1.3							0.7	1.0	1.15	1.3					0.7	1.0	1.15	1.3					0.7	1.0	1.15	1.3					0.7	1.0	1.15	1.3									
kjj			1.0																				0.7	1.0	1.15	1.3				1.8	0.7	1.0	1.15	1.3				1.8	0.7	1.0	1.15	1.3				1.8					
kjl																							0.7	1.0	1.15	1.3			1.8		0.7	1.0	1.15	1.3				1.8	0.7	1.0	1.15	1.3									
kjp																							0.7	1.0	1.15	1.3	1.8			1.8	0.7	1.0	1.15	1.3					0.7	1.0	1.15	1.3	1.8		1.8	1.8					
kjr					0.7	0.85	1.0	1.3							0.7	1.0	1.15	1.3					0.7	1.0	1.15	1.3					0.7	1.0	1.15	1.3					0.7	1.0	1.15	1.3									
kjs					1.2	1.2	1.2	1.2							1.2	1.2	1.2	1.2					1.2	1.2	1.2	1.2					1.2	1.2	1.2	1.2					1.2	1.2	1.2	1.2									
kqp																																													1.5						
pac																																										1.3									
pag					0.7	0.85	1.0	1.3							0.7	1.0	1.15	1.3					0.7	1.0	1.15	1.3					0.7	1.0	1.15	1.3					0.7	1.0	1.15	1.3									
pap																							0.7	1.0	1.15	1.3			1.8		0.7	1.0	1.15	1.3					0.7	1.0	1.15	1.3			1.8						
par					0.7	0.85	1.0	1.3							0.7	1.0	1.15	1.3					0.7	1.0	1.15	1.3					0.7	1.0	1.15	1.3					0.7	1.0	1.15	1.3									
pbe					1.2	1.2	1.2	1.2							1.2	1.2	1.2	1.2					1.2	1.2	1.2	1.2					1.2	1.2	1.2	1.2					1.2	1.2	1.2	1.2									
pbg					0.7	0.85	1.0	1.3							0.7	1.0	1.15	1.3					0.7	1.0	1.15	1.3					0.7	1.0	1.15	1.3					0.7	1.0	1.15	1.3									
pbl					0.7	0.85	1.0	1.3							0.7	1.0	1.15	1.3					0.7	1.0	1.15	1.3																1.3			1.8						
pbr					0.7	0.85	1.0	1.3							0.7	1.0	1.15	1.3					0.7	1.0	1.15	1.3					0.7	1.0	1.15	1.3					0.7	1.0	1.15	1.3									
pcc																																										1.3									
pcf					0.7	0.85	1.0	1.3							0.7	1.0	1.15	1.3			1.8																														
pcg					0.7	0.85	1.0	1.3							0.7	1.0	1.15	1.3					0.7	1.0	1.15	1.3					0.7	1.0	1.15	1.3					0.7	1.0	1.15	1.3									
pcj																							0.7	1.0	1.15	1.3					0.7	1.0	1.15	1.3																	
pcp																																										1.3			1.8						
pcr					0.7	0.85	1.0	1.3							0.7	1.0	1.15	1.3					0.7	1.0	1.15	1.3					0.7	1.0	1.15	1.3					0.7	1.0	1.15	1.3									
pde					1.2	1.2	1.2	1.2							1.2	1.2	1.2	1.2					1.2	1.2	1.2	1.2					1.2	1.2	1.2	1.2					1.2	1.2	1.2	1.2									
pdf			1.0																												0.7	1.0	1.15	1.3					0.7	1.0	1.15	1.3					0.7	0.85			
pdg					0.7	0.85	1.0	1.3							0.7	1.0	1.15	1.3					0.7	1.0	1.15	1.3					0.7	1.0	1.15	1.3					0.7	1.0	1.15	1.3									
pdj			1.0		0.7	0.85	1.0	1.3							0.7	1.0	1.15	1.3																1.3			1.8														
pdr					0.7	0.85	1.0	1.3							0.7	1.0	1.15	1.3					0.7	1.0	1.15	1.3					0.7	1.0	1.15	1.3					0.7	1.0	1.15	1.3									
pec																																										1.3									
pef			1.0																				0.7	1.0	1.15	1.3					0.7	1.0	1.15	1.3			1.8	1.8										0.85	1.0		
peg					0.7	0.85	1.0	1.3							0.7	1.0	1.15	1.3					0.7	1.0	1.15	1.3					0.7	1.0	1.15	1.3					0.7	1.0	1.15	1.3									
pej			1.0																																				0.7	1.0	1.15	1.3									
per					0.7	0.85	1.0	1.3							0.7	1.0	1.15	1.3					0.7	1.0	1.15	1.3					0.7	1.0	1.15	1.3					0.7	1.0	1.15	1.3									
pfc																																											1.6								
pfd					0.7	0.85	1.0	1.3							0.7	1.0	1.15	1.3					0.7	1.0	1.15	1.3																1.3			1.8						
pfg					0.7	0.85	1.0	1.3							0.7	1.0	1.15	1.3					0.7	1.0	1.15	1.3					0.7	1.0	1.15	1.3					0.7	1.0	1.15	1.3									
pfr					0.7	0.85	1.0	1.3							0.7	1.0	1.15	1.3					0.7	1.0	1.15	1.3					0.7	1.0	1.15	1.3					0.7	1.0	1.15	1.3									
pgf	1.2																																																		
phf	0.75	1.0	1.25	1.5																																															
